DateTime,Temperature (°C),Dew Point (°C),Humidity (%),Wind,Wind Speed (km/h),Wind Gust (km/h),Pressure (hPa),Precip. (mm),Condition
2010-09-30 23:51:00,23,21,85,SSE,45,58,1004.74,0,Mostly Cloudy / Windy
2010-10-01 00:51:00,23,21,85,SSE,35,51,1004.06,0,Cloudy / Windy
2010-10-01 01:51:00,23,21,87,SSE,35,51,1003.39,0,Cloudy / Windy
2010-10-01 02:51:00,23,21,85,SSE,35,50,1002.03,0,Cloudy / Windy
2010-10-01 03:51:00,23,21,85,SSE,42,56,1000.68,0,Cloudy / Windy
2010-10-01 04:51:00,23,21,85,SSE,48,64,998.99,0,Cloudy / Windy
2010-10-01 05:41:00,23,21,88,SSE,50,71,999.66,0,Cloudy / Windy
2010-10-01 05:51:00,23,21,87,S,42,60,1000.68,0,Cloudy / Windy
2010-10-01 06:01:00,20,18,88,W,29,48,1000.68,3,Cloudy
2010-10-01 06:19:00,19,17,88,VAR,5,47,1001.02,13,Cloudy
2010-10-01 06:37:00,19,17,88,N,14,35,1001.02,23,Cloudy
2010-10-01 06:51:00,19,17,88,NNE,24,35,1001.02,0,Cloudy
2010-10-01 07:02:00,19,17,88,NNE,19,34,1000.68,3,Cloudy
2010-10-01 07:30:00,19,17,88,NE,27,0,1000.68,13,Cloudy
2010-10-01 07:51:00,19,17,90,NE,32,0,1000.68,13,Cloudy
2010-10-01 08:34:00,19,17,88,NE,26,0,1000.34,5,Cloudy
2010-10-01 08:51:00,19,17,90,NE,21,0,1000.34,5,Cloudy
2010-10-01 09:06:00,19,18,94,N,23,0,1000.68,0,Cloudy
2010-10-01 09:17:00,19,18,94,NNW,21,0,1000.68,0,Cloudy
2010-10-01 09:25:00,19,18,94,NW,24,39,1000.68,0,Cloudy
2010-10-01 09:51:00,18,17,90,NNW,35,42,1000.0,3,Cloudy / Windy
2010-10-01 10:10:00,17,16,94,N,35,47,1000.34,0,Cloudy / Windy
2010-10-01 10:51:00,17,16,90,NNW,13,35,1000.68,0,Cloudy
2010-10-01 11:10:00,17,16,94,N,27,35,1001.36,0,Cloudy
2010-10-01 11:33:00,17,15,88,NNW,23,35,1002.03,0,Cloudy
2010-10-01 11:51:00,17,16,90,N,26,0,1001.69,0,Cloudy
2010-10-01 12:13:00,17,16,94,N,24,34,1001.69,0,Cloudy
2010-10-01 12:51:00,17,15,87,N,27,48,1002.37,0,Cloudy
2010-10-01 13:03:00,17,15,88,N,29,45,1002.71,0,Cloudy
2010-10-01 13:13:00,17,15,88,NNW,34,0,1002.71,0,Cloudy / Windy
2010-10-01 13:43:00,17,15,88,N,32,50,1002.03,0,Cloudy
2010-10-01 13:51:00,17,14,84,N,35,50,1001.69,0,Cloudy / Windy
2010-10-01 14:51:00,17,14,86,N,39,53,1002.03,0,Cloudy / Windy
2010-10-01 15:01:00,17,14,82,N,37,58,1002.03,0,Cloudy / Windy
2010-10-01 15:43:00,17,14,82,N,34,56,1003.05,0,Cloudy / Windy
2010-10-01 15:51:00,17,14,86,N,32,45,1003.05,0,Cloudy
2010-10-01 16:51:00,17,14,81,N,35,45,1003.39,0,Cloudy / Windy
2010-10-01 17:51:00,17,13,78,N,27,37,1004.74,0,Cloudy
2010-10-01 18:18:00,17,13,77,N,19,0,1005.42,0,Mostly Cloudy
2010-10-01 18:48:00,17,13,77,NNW,24,0,1005.76,0,Mostly Cloudy
2010-10-01 18:51:00,17,13,78,N,23,0,1005.42,0,Mostly Cloudy
2010-10-01 19:51:00,17,11,65,N,21,39,1006.1,0,Mostly Cloudy
2010-10-01 20:51:00,17,9,60,NNW,27,39,1006.77,0,Partly Cloudy
2010-10-01 21:51:00,16,8,60,NNW,24,0,1007.45,0,Fair
2010-10-01 22:51:00,16,8,60,NNW,27,39,1007.79,0,Fair
2010-10-01 23:51:00,14,8,67,NW,21,0,1008.13,0,Fair
2010-10-02 00:51:00,14,8,67,NW,27,37,1008.81,0,Fair
2010-10-02 01:51:00,14,8,67,NW,19,0,1009.48,0,Fair
2010-10-02 02:51:00,13,7,67,NW,21,0,1009.82,0,Fair
2010-10-02 03:51:00,13,7,69,NW,24,0,1010.5,0,Fair
2010-10-02 04:51:00,12,7,72,NW,19,0,1011.51,0,Fair
2010-10-02 05:51:00,12,7,72,NW,14,0,1012.19,0,Fair
2010-10-02 06:51:00,12,7,74,WNW,13,0,1012.87,0,Fair
2010-10-02 07:51:00,13,7,69,NW,13,0,1013.89,0,Fair
2010-10-02 08:51:00,14,7,60,NW,16,0,1014.22,0,Fair
2010-10-02 09:51:00,16,6,53,N,13,0,1014.56,0,Fair
2010-10-02 10:51:00,17,6,48,NNW,5,0,1014.56,0,Fair
2010-10-02 11:51:00,18,6,45,NNW,13,0,1014.56,0,Fair
2010-10-02 12:51:00,18,6,43,VAR,5,0,1014.56,0,Fair
2010-10-02 13:51:00,18,6,43,WSW,10,0,1014.22,0,Fair
2010-10-02 14:51:00,19,6,42,NNW,13,0,1014.22,0,Fair
2010-10-02 15:51:00,19,4,37,N,13,0,1014.22,0,Fair
2010-10-02 16:51:00,19,5,39,NE,5,0,1014.22,0,Fair
2010-10-02 17:51:00,18,5,42,NE,11,0,1014.56,0,Fair
2010-10-02 18:51:00,17,4,44,NE,13,0,1015.24,0,Fair
2010-10-02 19:51:00,16,6,51,NNE,10,0,1015.58,0,Fair
2010-10-02 20:51:00,14,6,58,ENE,10,0,1016.26,0,Fair
2010-10-02 21:51:00,13,6,62,NE,8,0,1016.59,0,Fair
2010-10-02 22:51:00,13,6,60,NNE,14,0,1016.59,0,Fair
2010-10-02 23:51:00,13,6,62,NNE,11,0,1016.93,0,Fair
2010-10-03 00:51:00,13,6,60,NNE,14,0,1016.93,0,Fair
2010-10-03 01:51:00,13,6,62,NNE,16,0,1017.27,0,Fair
2010-10-03 02:51:00,12,6,66,NNE,16,0,1016.93,0,Fair
2010-10-03 03:51:00,12,7,72,NNE,19,0,1017.27,0,Fair
2010-10-03 04:51:00,12,6,66,NE,26,0,1017.27,0,Fair
2010-10-03 05:51:00,12,5,64,NE,24,0,1017.61,0,Fair
2010-10-03 06:51:00,12,5,64,NNE,24,0,1017.95,0,Partly Cloudy
2010-10-03 07:40:00,12,6,67,NNE,19,0,1019.3,0,Mostly Cloudy
2010-10-03 07:51:00,12,6,69,NE,24,0,1018.96,0,Mostly Cloudy
2010-10-03 08:46:00,12,7,72,NE,29,37,1019.3,0,Mostly Cloudy
2010-10-03 08:51:00,13,7,69,NE,26,37,1018.96,0,Mostly Cloudy
2010-10-03 09:51:00,13,7,67,NNE,37,47,1018.96,0,Mostly Cloudy / Windy
2010-10-03 10:51:00,14,7,64,NNE,27,0,1019.64,0,Mostly Cloudy
2010-10-03 11:51:00,16,8,58,NE,34,42,1019.3,0,Mostly Cloudy / Windy
2010-10-03 12:51:00,17,8,54,NE,32,0,1019.3,0,Mostly Cloudy
2010-10-03 13:51:00,16,8,58,NE,29,0,1018.29,0,Mostly Cloudy
2010-10-03 14:51:00,17,8,56,NE,29,40,1018.63,0,Mostly Cloudy
2010-10-03 15:51:00,17,8,54,NE,35,0,1018.29,0,Mostly Cloudy / Windy
2010-10-03 16:51:00,16,7,56,NE,26,0,1018.29,0,Mostly Cloudy
2010-10-03 17:51:00,16,7,56,NE,24,0,1017.95,0,Mostly Cloudy
2010-10-03 18:51:00,16,7,55,NE,21,0,1018.29,0,Mostly Cloudy
2010-10-03 19:51:00,15,7,58,ENE,24,35,1018.96,0,Mostly Cloudy
2010-10-03 20:51:00,14,7,64,NE,24,0,1019.98,0,Cloudy
2010-10-03 21:51:00,13,9,77,NE,19,0,1019.98,3,Cloudy
2010-10-03 22:51:00,12,7,72,NE,26,0,1019.98,0,Cloudy
2010-10-03 23:51:00,13,7,67,NE,23,35,1019.64,0,Cloudy
2010-10-04 00:51:00,13,7,69,NE,21,35,1019.98,0,Cloudy
2010-10-04 01:51:00,13,7,69,NE,26,34,1019.3,0,Cloudy
2010-10-04 02:46:00,13,8,72,NE,24,0,1019.3,0,Cloudy
2010-10-04 02:51:00,13,8,72,NE,16,0,1018.96,0,Cloudy
2010-10-04 03:51:00,13,8,72,NE,29,39,1018.63,0,Cloudy
2010-10-04 04:51:00,12,8,77,NE,19,0,1019.3,0,Cloudy
2010-10-04 05:51:00,12,9,83,NNE,16,0,1018.96,3,Cloudy
2010-10-04 06:51:00,12,9,83,NNE,21,0,1018.29,0,Cloudy
2010-10-04 07:51:00,13,9,80,NNE,19,35,1018.29,0,Cloudy
2010-10-04 08:51:00,13,9,75,NNE,26,0,1018.29,0,Cloudy
2010-10-04 09:51:00,13,9,80,NE,24,0,1018.63,0,Cloudy
2010-10-04 10:51:00,13,10,83,NE,24,0,1018.63,0,Cloudy
2010-10-04 11:23:00,13,10,82,NNE,19,32,1018.29,0,Cloudy
2010-10-04 11:51:00,13,11,86,NE,21,0,1017.61,0,Cloudy
2010-10-04 12:51:00,12,11,90,NNE,24,0,1017.27,0,Cloudy
2010-10-04 13:51:00,13,11,86,N,19,0,1016.93,3,Cloudy
2010-10-04 14:51:00,13,11,87,NNE,23,29,1016.26,0,Cloudy
2010-10-04 15:09:00,13,12,94,N,19,0,1016.26,0,Cloudy
2010-10-04 15:51:00,14,12,87,NNE,23,0,1015.58,0,Cloudy
2010-10-04 16:51:00,13,12,90,NNE,16,29,1015.58,0,Cloudy
2010-10-04 17:51:00,13,12,93,N,14,0,1015.92,3,Cloudy
2010-10-04 18:51:00,13,11,89,N,16,0,1016.26,0,Cloudy
2010-10-04 19:48:00,13,12,94,N,21,34,1016.59,0,Cloudy
2010-10-04 19:51:00,13,12,90,N,23,0,1016.26,0,Cloudy
2010-10-04 20:23:00,13,12,94,N,16,0,1016.26,0,Cloudy
2010-10-04 20:51:00,13,12,90,NNE,16,0,1016.26,0,Cloudy
2010-10-04 21:51:00,14,12,89,NNE,23,29,1015.92,0,Cloudy
2010-10-04 22:51:00,13,12,90,NNE,19,0,1015.92,0,Cloudy
2010-10-04 23:51:00,13,12,90,NNE,26,0,1014.9,0,Cloudy
2010-10-05 00:51:00,13,12,90,NNE,24,0,1014.9,0,Cloudy
2010-10-05 01:51:00,13,12,90,NNE,21,0,1014.9,0,Cloudy
2010-10-05 02:51:00,13,12,90,NNE,19,0,1014.56,0,Cloudy
2010-10-05 03:51:00,13,12,90,NNE,21,0,1014.22,0,Cloudy
2010-10-05 04:51:00,13,12,90,NNE,24,0,1014.22,0,Cloudy
2010-10-05 05:41:00,13,12,94,NE,21,0,1014.9,0,Cloudy
2010-10-05 05:51:00,13,12,90,NE,19,0,1014.56,0,Cloudy
2010-10-05 06:51:00,13,12,90,NE,21,0,1014.9,0,Cloudy
2010-10-05 07:51:00,13,12,90,NE,26,0,1014.9,0,Mostly Cloudy
2010-10-05 08:51:00,14,12,89,NE,32,39,1014.56,0,Cloudy
2010-10-05 09:51:00,14,12,87,NE,21,0,1015.24,0,Cloudy
2010-10-05 10:51:00,16,13,83,NE,27,0,1014.9,0,Cloudy
2010-10-05 11:51:00,16,13,81,NE,27,0,1014.56,0,Mostly Cloudy
2010-10-05 12:51:00,16,13,83,NNE,23,0,1013.89,0,Mostly Cloudy
2010-10-05 13:06:00,16,13,82,NNE,24,0,1014.22,0,Cloudy
2010-10-05 13:51:00,16,13,81,NE,23,0,1013.55,0,Cloudy
2010-10-05 14:35:00,17,13,77,NE,19,0,1013.21,0,Cloudy
2010-10-05 14:51:00,17,13,80,NE,21,0,1012.87,0,Cloudy
2010-10-05 15:51:00,17,13,80,NNE,23,0,1012.87,0,Cloudy
2010-10-05 16:36:00,17,13,77,N,13,0,1013.21,0,Cloudy
2010-10-05 16:51:00,17,13,78,NNE,13,0,1012.87,0,Mostly Cloudy
2010-10-05 17:51:00,17,13,75,NE,8,0,1012.87,0,Mostly Cloudy
2010-10-05 18:51:00,17,12,75,NE,5,0,1013.55,0,Mostly Cloudy
2010-10-05 19:44:00,16,13,82,N,14,0,1014.22,0,Mostly Cloudy
2010-10-05 19:51:00,16,13,83,N,14,0,1013.89,0,Mostly Cloudy
2010-10-05 20:51:00,16,13,83,NNW,13,0,1014.56,0,Cloudy
2010-10-05 21:51:00,16,13,83,N,8,0,1014.56,0,Cloudy
2010-10-05 22:51:00,14,12,87,WSW,19,0,1014.56,0,Cloudy
2010-10-05 23:51:00,14,12,87,WSW,23,0,1014.56,0,Cloudy
2010-10-06 00:51:00,14,12,87,WSW,19,0,1014.56,0,Cloudy
2010-10-06 01:51:00,14,12,87,WSW,10,0,1014.56,0,Cloudy
2010-10-06 02:05:00,14,12,88,SW,8,0,1014.9,0,Cloudy
2010-10-06 02:51:00,14,12,89,CALM,0,0,1014.9,0,Cloudy
2010-10-06 03:51:00,13,11,87,SSW,10,0,1014.56,0,Mostly Cloudy
2010-10-06 04:51:00,13,11,87,SSW,8,0,1014.56,0,Mostly Cloudy
2010-10-06 05:51:00,14,10,77,SSW,13,0,1014.56,0,Cloudy
2010-10-06 06:51:00,14,10,77,SSW,16,0,1014.9,0,Mostly Cloudy
2010-10-06 07:51:00,14,9,70,SW,21,0,1014.9,0,Mostly Cloudy
2010-10-06 08:51:00,15,10,72,WSW,23,0,1014.9,0,Partly Cloudy
2010-10-06 09:51:00,16,8,60,SW,19,0,1014.56,0,Partly Cloudy
2010-10-06 10:51:00,17,7,52,WSW,21,0,1013.55,0,Partly Cloudy
2010-10-06 11:51:00,17,8,58,W,19,0,1012.53,0,Partly Cloudy
2010-10-06 12:51:00,17,7,52,WSW,23,0,1011.51,0,Partly Cloudy
2010-10-06 13:51:00,18,7,48,WSW,24,0,1010.5,0,Partly Cloudy
2010-10-06 14:51:00,18,7,50,WSW,19,0,1009.48,0,Partly Cloudy
2010-10-06 15:51:00,18,7,48,WSW,21,0,1008.47,0,Partly Cloudy
2010-10-06 16:51:00,16,7,54,WSW,24,0,1008.13,0,Mostly Cloudy
2010-10-06 17:51:00,16,7,57,WSW,23,0,1007.79,0,Mostly Cloudy
2010-10-06 18:51:00,16,7,57,W,23,0,1007.45,0,Mostly Cloudy
2010-10-06 19:51:00,16,7,55,W,26,0,1007.45,0,Cloudy
2010-10-06 20:51:00,15,7,60,W,23,34,1007.11,0,Cloudy
2010-10-06 21:51:00,14,8,65,WSW,24,0,1006.44,0,Mostly Cloudy
2010-10-06 22:51:00,13,8,69,WSW,26,0,1005.76,0,Partly Cloudy
2010-10-06 23:51:00,13,8,74,WSW,32,0,1005.42,0,Partly Cloudy
2010-10-07 00:51:00,13,8,74,W,29,39,1005.42,0,Mostly Cloudy
2010-10-07 01:51:00,13,8,74,W,24,0,1005.08,0,Cloudy
2010-10-07 02:51:00,12,8,77,W,19,0,1004.06,0,Partly Cloudy
2010-10-07 03:51:00,12,8,80,W,14,0,1004.06,0,Partly Cloudy
2010-10-07 04:51:00,12,9,83,WSW,21,0,1003.73,0,Partly Cloudy
2010-10-07 05:51:00,13,9,80,W,27,0,1004.06,0,Partly Cloudy
2010-10-07 06:51:00,12,9,80,W,27,0,1003.73,0,Partly Cloudy
2010-10-07 07:51:00,13,9,77,W,24,0,1004.06,0,Mostly Cloudy
2010-10-07 08:51:00,13,9,77,W,29,40,1004.4,0,Mostly Cloudy
2010-10-07 09:51:00,14,9,72,W,32,0,1004.4,0,Mostly Cloudy
2010-10-07 10:51:00,17,10,63,W,24,42,1004.4,0,Partly Cloudy
2010-10-07 11:51:00,19,9,52,W,29,40,1004.06,0,Partly Cloudy
2010-10-07 12:51:00,21,9,49,W,32,47,1004.06,0,Partly Cloudy
2010-10-07 13:51:00,22,9,44,WNW,26,42,1003.39,0,Partly Cloudy
2010-10-07 14:51:00,23,8,39,WNW,29,45,1003.39,0,Partly Cloudy
2010-10-07 15:51:00,23,7,35,NW,40,56,1003.73,0,Partly Cloudy / Windy
2010-10-07 16:51:00,22,6,36,WNW,37,47,1004.06,0,Fair / Windy
2010-10-07 17:51:00,21,6,38,WNW,27,39,1005.08,0,Fair
2010-10-07 18:51:00,20,5,37,NW,21,35,1006.44,0,Fair
2010-10-07 19:51:00,19,5,40,NW,14,0,1007.79,0,Fair
2010-10-07 20:51:00,18,5,42,WNW,11,0,1008.47,0,Fair
2010-10-07 21:51:00,18,4,40,NW,14,0,1009.48,0,Fair
2010-10-07 22:51:00,18,4,41,WNW,19,0,1010.16,0,Fair
2010-10-07 23:51:00,18,4,41,NW,23,34,1010.5,0,Fair
2010-10-08 00:51:00,17,4,44,NW,23,40,1011.51,0,Fair
2010-10-08 01:51:00,15,4,48,NW,13,0,1012.53,0,Fair
2010-10-08 02:51:00,14,4,53,NW,14,0,1012.87,0,Fair
2010-10-08 03:51:00,14,4,53,WNW,13,0,1013.21,0,Fair
2010-10-08 04:51:00,13,4,53,WNW,14,0,1013.21,0,Fair
2010-10-08 05:51:00,13,5,57,WNW,13,0,1013.89,0,Fair
2010-10-08 06:51:00,12,4,59,W,11,0,1013.89,0,Fair
2010-10-08 07:51:00,14,6,59,W,13,0,1014.22,0,Fair
2010-10-08 08:51:00,16,6,50,W,14,0,1014.56,0,Fair
2010-10-08 09:51:00,17,7,50,W,11,0,1014.9,0,Fair
2010-10-08 10:51:00,19,7,45,W,14,0,1014.56,0,Fair
2010-10-08 11:51:00,19,6,42,W,24,0,1013.89,0,Fair
2010-10-08 12:51:00,20,8,45,SW,21,0,1013.21,0,Fair
2010-10-08 13:51:00,21,7,39,SW,24,0,1011.85,0,Fair
2010-10-08 14:51:00,22,7,39,SW,26,0,1010.84,0,Fair
2010-10-08 15:51:00,22,7,38,WSW,34,0,1010.16,0,Fair / Windy
2010-10-08 16:51:00,23,7,37,WSW,23,0,1009.48,0,Fair
2010-10-08 17:51:00,23,5,31,W,26,0,1009.82,0,Fair
2010-10-08 18:51:00,21,6,38,W,24,0,1009.82,0,Fair
2010-10-08 19:51:00,20,7,43,W,19,0,1010.16,0,Fair
2010-10-08 20:51:00,19,8,47,W,19,0,1010.16,0,Fair
2010-10-08 21:51:00,18,8,52,W,14,0,1010.16,0,Fair
2010-10-08 22:51:00,18,8,54,W,13,0,1010.84,0,Fair
2010-10-08 23:51:00,18,7,48,W,16,0,1010.84,0,Fair
2010-10-09 00:51:00,18,7,50,W,16,0,1010.84,0,Fair
2010-10-09 01:51:00,17,8,58,W,14,0,1010.5,0,Fair
2010-10-09 02:51:00,17,8,56,W,21,0,1010.16,0,Fair
2010-10-09 03:51:00,16,8,60,W,14,0,1010.16,0,Fair
2010-10-09 04:51:00,15,8,62,W,13,0,1010.16,0,Fair
2010-10-09 05:51:00,14,8,67,W,13,0,1010.5,0,Fair
2010-10-09 06:51:00,15,8,64,W,13,0,1011.18,0,Partly Cloudy
2010-10-09 07:51:00,17,8,56,WNW,11,0,1011.85,0,Fair
2010-10-09 08:51:00,19,8,48,WNW,8,0,1012.53,0,Partly Cloudy
2010-10-09 09:51:00,21,8,44,NW,21,0,1012.53,0,Fair
2010-10-09 10:51:00,21,8,44,NW,21,0,1012.53,0,Fair
2010-10-09 11:51:00,22,9,43,NNW,13,0,1012.53,0,Partly Cloudy
2010-10-09 12:51:00,23,7,37,NNW,26,40,1012.19,0,Fair
2010-10-09 13:51:00,23,6,32,NNW,23,39,1011.85,0,Fair
2010-10-09 14:51:00,23,6,33,NW,26,35,1011.85,0,Fair
2010-10-09 15:51:00,23,4,30,NW,24,37,1011.85,0,Fair
2010-10-09 16:51:00,22,1,24,N,26,0,1011.85,0,Fair
2010-10-09 17:51:00,21,0,25,N,24,0,1012.53,0,Fair
2010-10-09 18:51:00,19,-3,22,NNW,19,0,1013.21,0,Fair
2010-10-09 19:51:00,18,-4,23,NNW,13,0,1013.89,0,Fair
2010-10-09 20:51:00,17,-3,25,NNW,16,0,1014.22,0,Fair
2010-10-09 21:51:00,16,-4,26,NNW,16,0,1014.9,0,Fair
2010-10-09 22:51:00,14,-5,27,NNW,14,0,1015.58,0,Fair
2010-10-09 23:51:00,14,-7,24,NNW,19,0,1015.24,0,Fair
2010-10-10 00:51:00,11,-5,32,N,10,0,1015.58,0,Fair
2010-10-10 01:51:00,11,-4,34,N,10,0,1015.92,0,Fair
2010-10-10 02:51:00,9,-1,48,NE,8,0,1015.92,0,Fair
2010-10-10 03:51:00,8,-1,54,CALM,0,0,1015.58,0,Fair
2010-10-10 04:51:00,8,-1,52,CALM,0,0,1015.58,0,Fair
2010-10-10 05:51:00,8,-2,50,CALM,0,0,1015.92,0,Fair
2010-10-10 06:51:00,7,-1,60,CALM,0,0,1015.92,0,Fair
2010-10-10 07:51:00,9,1,54,CALM,0,0,1015.58,0,Fair
2010-10-10 08:51:00,13,1,45,W,10,0,1015.24,0,Fair
2010-10-10 09:51:00,14,2,44,W,10,0,1015.24,0,Fair
2010-10-10 10:51:00,16,2,39,VAR,8,0,1014.56,0,Fair
2010-10-10 11:51:00,16,1,36,WSW,21,0,1013.55,0,Fair
2010-10-10 12:51:00,17,3,40,WSW,16,0,1012.19,0,Fair
2010-10-10 13:51:00,19,1,29,WSW,32,0,1010.84,0,Fair
2010-10-10 14:51:00,19,5,40,S,19,0,1009.14,0,Fair
2010-10-10 15:51:00,20,4,35,SSW,19,0,1008.13,0,Fair
2010-10-10 16:51:00,20,6,39,SW,16,0,1007.45,0,Fair
2010-10-10 17:51:00,19,8,48,SSW,13,0,1006.77,0,Fair
2010-10-10 18:51:00,18,8,52,SW,16,0,1007.11,0,Fair
2010-10-10 19:51:00,18,7,47,SW,21,0,1007.11,0,Fair
2010-10-10 20:51:00,17,9,60,SW,14,0,1007.11,0,Fair
2010-10-10 21:51:00,18,9,58,WSW,16,0,1007.11,0,Fair
2010-10-10 22:51:00,17,9,58,W,14,0,1007.11,0,Fair
2010-10-10 23:51:00,16,9,64,SW,11,0,1006.77,0,Fair
2010-10-11 00:51:00,17,9,62,NW,5,0,1006.77,0,Partly Cloudy
2010-10-11 01:51:00,16,8,60,NW,8,0,1006.77,0,Fair
2010-10-11 02:51:00,14,10,75,WSW,10,0,1006.77,0,Fair
2010-10-11 03:51:00,14,9,74,W,8,0,1007.11,0,Fair
2010-10-11 04:51:00,13,9,77,W,5,0,1007.79,0,Fair
2010-10-11 05:51:00,14,9,72,WNW,5,0,1008.47,0,Fair
2010-10-11 06:51:00,14,10,77,W,10,0,1008.81,0,Partly Cloudy
2010-10-11 07:51:00,16,11,72,W,11,0,1009.14,0,Mostly Cloudy
2010-10-11 08:51:00,17,11,65,W,11,0,1009.48,0,Mostly Cloudy
2010-10-11 09:51:00,19,10,56,WSW,14,0,1010.16,0,Mostly Cloudy
2010-10-11 10:51:00,20,9,50,WSW,16,0,1010.16,0,Mostly Cloudy
2010-10-11 11:51:00,22,9,45,W,14,0,1009.82,0,Partly Cloudy
2010-10-11 12:51:00,22,10,47,SW,13,0,1009.48,0,Partly Cloudy
2010-10-11 13:51:00,23,10,44,SSW,14,0,1008.81,0,Mostly Cloudy
2010-10-11 14:51:00,22,10,46,SW,19,0,1008.13,0,Mostly Cloudy
2010-10-11 15:51:00,23,11,48,S,16,0,1008.13,0,Mostly Cloudy
2010-10-11 16:51:00,21,12,57,S,16,0,1007.79,0,Mostly Cloudy
2010-10-11 17:51:00,20,12,61,S,19,0,1008.13,0,Mostly Cloudy
2010-10-11 18:51:00,19,13,68,S,16,0,1008.13,0,Mostly Cloudy
2010-10-11 19:51:00,19,14,70,S,19,0,1007.79,0,Mostly Cloudy
2010-10-11 20:14:00,19,14,73,S,19,0,1008.13,0,Mostly Cloudy
2010-10-11 20:51:00,19,14,73,ENE,19,26,1008.13,0,Cloudy
2010-10-11 21:01:00,17,14,82,NNW,11,0,1009.82,3,Cloudy
2010-10-11 21:15:00,17,14,82,W,16,0,1009.14,10,Cloudy
2010-10-11 21:34:00,16,14,88,SSW,8,0,1009.14,10,Cloudy
2010-10-11 21:51:00,16,14,90,SE,10,0,1008.47,10,Mostly Cloudy
2010-10-11 21:59:00,16,14,88,SE,13,0,1008.81,0,Mostly Cloudy
2010-10-11 22:51:00,17,16,90,CALM,0,0,1008.13,0,Cloudy
2010-10-11 23:08:00,17,16,94,N,23,42,1009.48,3,Cloudy
2010-10-11 23:47:00,17,16,94,N,5,0,1009.48,5,Cloudy
2010-10-11 23:51:00,17,16,90,N,10,0,1009.48,5,Cloudy
2010-10-12 00:22:00,17,15,88,ENE,11,0,1008.13,0,Cloudy
2010-10-12 00:51:00,17,16,93,CALM,0,0,1008.47,0,Mostly Cloudy
2010-10-12 01:51:00,17,14,84,NW,11,0,1009.14,0,Cloudy
2010-10-12 02:51:00,16,14,90,S,11,0,1007.79,0,Mostly Cloudy
2010-10-12 03:51:00,17,15,87,SSW,24,0,1008.81,0,Cloudy
2010-10-12 04:51:00,16,14,90,S,8,0,1007.11,0,Cloudy
2010-10-12 05:51:00,16,14,87,W,19,0,1008.81,0,Cloudy
2010-10-12 06:51:00,16,14,87,WSW,13,0,1008.13,0,Cloudy
2010-10-12 07:51:00,16,14,87,W,8,0,1007.11,0,Mostly Cloudy
2010-10-12 08:51:00,18,14,80,NW,13,0,1007.79,0,Partly Cloudy
2010-10-12 09:51:00,19,14,75,W,14,0,1007.45,0,Mostly Cloudy
2010-10-12 10:51:00,21,14,68,W,19,0,1007.79,0,Mostly Cloudy
2010-10-12 11:51:00,20,13,65,NW,16,0,1007.45,0,Mostly Cloudy
2010-10-12 12:51:00,20,13,65,N,19,0,1007.79,0,Mostly Cloudy
2010-10-12 13:51:00,19,12,63,NNW,19,0,1007.45,0,Mostly Cloudy
2010-10-12 14:51:00,19,11,60,N,16,0,1007.79,0,Mostly Cloudy
2010-10-12 15:51:00,20,11,55,N,11,0,1008.47,0,Mostly Cloudy
2010-10-12 16:51:00,19,11,57,NNE,8,0,1008.47,0,Mostly Cloudy
2010-10-12 17:51:00,19,10,56,N,16,0,1009.14,0,Mostly Cloudy
2010-10-12 18:51:00,18,9,54,N,11,0,1009.82,0,Mostly Cloudy
2010-10-12 19:51:00,18,7,47,N,13,0,1010.5,0,Partly Cloudy
2010-10-12 20:51:00,17,6,46,N,23,35,1011.18,0,Fair
2010-10-12 21:51:00,16,7,55,NNE,14,0,1011.85,0,Fair
2010-10-12 22:51:00,14,5,53,NNE,21,0,1012.19,0,Fair
2010-10-12 23:51:00,13,4,53,NNE,19,0,1013.21,0,Fair
2010-10-13 00:51:00,12,3,55,N,14,0,1013.89,0,Fair
2010-10-13 01:51:00,12,3,55,N,13,0,1014.22,0,Fair
2010-10-13 02:51:00,11,2,54,N,19,0,1014.22,0,Fair
2010-10-13 03:51:00,10,3,61,N,16,0,1014.56,0,Fair
2010-10-13 04:51:00,10,3,63,N,14,0,1014.9,0,Fair
2010-10-13 05:51:00,9,3,64,N,13,0,1015.24,0,Fair
2010-10-13 06:51:00,9,3,68,N,11,0,1015.58,0,Fair
2010-10-13 07:51:00,10,4,66,N,14,0,1016.26,0,Partly Cloudy
2010-10-13 08:51:00,12,3,57,NNE,10,0,1017.27,0,Partly Cloudy
2010-10-13 09:51:00,13,3,49,NNE,13,0,1017.61,0,Fair
2010-10-13 10:51:00,14,3,47,N,13,0,1017.61,0,Fair
2010-10-13 11:51:00,16,3,42,N,13,0,1017.27,0,Fair
2010-10-13 12:51:00,17,3,38,NE,10,0,1016.93,0,Fair
2010-10-13 13:51:00,18,1,33,NE,11,0,1015.92,0,Partly Cloudy
2010-10-13 14:51:00,18,-1,27,CALM,0,0,1015.24,0,Fair
2010-10-13 15:51:00,18,1,32,VAR,5,0,1014.9,0,Fair
2010-10-13 16:51:00,17,4,43,S,13,0,1014.9,0,Fair
2010-10-13 17:51:00,15,4,49,S,10,0,1015.24,0,Fair
2010-10-13 18:51:00,14,6,57,SSE,8,0,1015.92,0,Fair
2010-10-13 19:51:00,14,6,59,SSE,5,0,1016.26,0,Fair
2010-10-13 20:51:00,13,6,62,CALM,0,0,1016.26,0,Fair
2010-10-13 21:51:00,13,6,64,SSE,5,0,1016.59,0,Fair
2010-10-13 22:51:00,12,6,66,CALM,0,0,1016.59,0,Fair
2010-10-13 23:51:00,11,7,74,CALM,0,0,1016.26,0,Fair
2010-10-14 00:51:00,11,7,77,CALM,0,0,1016.26,0,Fair
2010-10-14 01:51:00,9,6,80,CALM,0,0,1015.92,0,Fair
2010-10-14 02:51:00,10,7,80,CALM,0,0,1015.58,0,Fair
2010-10-14 03:51:00,9,6,83,ENE,5,0,1014.9,0,Partly Cloudy
2010-10-14 04:51:00,9,6,83,NE,5,0,1014.56,0,Fair
2010-10-14 05:51:00,9,6,83,CALM,0,0,1014.56,0,Fair
2010-10-14 06:51:00,9,6,80,NE,8,0,1014.56,0,Partly Cloudy
2010-10-14 07:51:00,10,7,83,ENE,11,0,1014.56,0,Mostly Cloudy
2010-10-14 08:51:00,13,8,74,E,8,0,1014.22,0,Mostly Cloudy
2010-10-14 09:51:00,16,8,60,ESE,14,0,1013.89,0,Mostly Cloudy
2010-10-14 10:51:00,17,8,54,ESE,23,35,1013.55,0,Mostly Cloudy
2010-10-14 11:51:00,18,7,50,SE,26,0,1012.53,0,Mostly Cloudy
2010-10-14 12:51:00,17,8,54,SE,19,0,1011.51,0,Mostly Cloudy
2010-10-14 13:51:00,17,8,58,ESE,19,0,1010.16,0,Mostly Cloudy
2010-10-14 14:51:00,17,9,60,ESE,16,0,1009.48,0,Cloudy
2010-10-14 15:51:00,17,9,60,SE,14,0,1008.47,0,Cloudy
2010-10-14 16:51:00,14,11,78,SSE,5,0,1008.13,0,Cloudy
2010-10-14 17:51:00,13,10,83,W,8,0,1007.79,3,Cloudy
2010-10-14 18:51:00,12,10,86,N,11,0,1007.11,3,Cloudy
2010-10-14 19:51:00,13,11,89,N,11,0,1006.1,3,Cloudy
2010-10-14 20:08:00,13,12,94,N,10,0,1006.1,0,Cloudy
2010-10-14 20:51:00,13,12,90,N,13,0,1005.08,5,Cloudy
2010-10-14 21:51:00,13,12,90,NNW,14,0,1004.06,5,Cloudy
2010-10-14 22:51:00,13,12,90,NNE,21,0,1002.37,3,Cloudy
2010-10-14 23:51:00,13,11,89,NNW,14,0,1002.03,0,Cloudy
2010-10-15 00:51:00,12,11,90,N,16,0,1001.36,0,Cloudy
2010-10-15 01:27:00,12,10,88,N,21,0,1001.02,0,Cloudy
2010-10-15 01:51:00,12,10,89,N,21,0,1000.68,0,Cloudy
2010-10-15 02:51:00,12,9,86,NNW,21,0,999.66,0,Cloudy
2010-10-15 03:51:00,12,9,83,NW,26,0,998.99,0,Cloudy
2010-10-15 04:51:00,11,8,83,WNW,21,29,998.99,0,Mostly Cloudy
2010-10-15 05:22:00,11,8,82,WNW,26,39,999.32,0,Cloudy
2010-10-15 05:51:00,11,7,77,WNW,23,32,998.99,0,Mostly Cloudy
2010-10-15 06:51:00,11,6,74,WNW,24,40,999.32,0,Mostly Cloudy
2010-10-15 07:51:00,10,6,74,WNW,24,39,999.66,0,Mostly Cloudy
2010-10-15 08:16:00,10,5,71,W,26,45,999.66,0,Mostly Cloudy
2010-10-15 08:51:00,11,4,66,W,27,45,999.66,0,Mostly Cloudy
2010-10-15 09:51:00,12,4,59,WNW,32,60,999.32,0,Mostly Cloudy
2010-10-15 10:51:00,12,3,57,WNW,34,45,998.99,0,Mostly Cloudy / Windy
2010-10-15 11:51:00,13,3,51,WNW,39,51,998.65,0,Mostly Cloudy / Windy
2010-10-15 12:51:00,13,3,49,WNW,35,56,997.63,0,Mostly Cloudy / Windy
2010-10-15 13:51:00,14,3,47,W,47,61,997.29,0,Mostly Cloudy / Windy
2010-10-15 14:51:00,14,3,47,WNW,40,58,996.95,0,Mostly Cloudy / Windy
2010-10-15 15:51:00,14,2,44,W,40,56,996.95,0,Mostly Cloudy / Windy
2010-10-15 16:51:00,14,2,44,WNW,35,56,997.29,0,Mostly Cloudy / Windy
2010-10-15 17:51:00,14,2,42,W,40,58,997.97,0,Mostly Cloudy / Windy
2010-10-15 18:51:00,14,2,45,W,42,60,998.65,0,Mostly Cloudy / Windy
2010-10-15 19:51:00,13,3,51,WNW,42,61,999.32,0,Cloudy / Windy
2010-10-15 20:51:00,13,3,51,WNW,40,58,999.32,0,Cloudy / Windy
2010-10-15 21:51:00,11,4,63,WNW,35,50,999.66,0,Cloudy / Windy
2010-10-15 22:51:00,12,4,59,W,32,53,1000.0,0,Cloudy
2010-10-15 23:51:00,12,4,61,NW,39,53,1000.34,0,Cloudy / Windy
2010-10-16 00:51:00,12,4,61,WNW,26,42,1000.68,0,Cloudy
2010-10-16 01:51:00,11,4,63,WNW,23,42,1001.02,0,Cloudy
2010-10-16 02:51:00,12,4,59,NW,29,45,1001.36,0,Mostly Cloudy
2010-10-16 03:51:00,11,4,63,NW,24,39,1001.69,0,Mostly Cloudy
2010-10-16 04:51:00,11,4,61,NW,32,48,1002.37,0,Partly Cloudy
2010-10-16 05:51:00,11,3,59,NW,21,39,1002.71,0,Partly Cloudy
2010-10-16 06:51:00,11,3,57,NW,27,48,1003.73,0,Mostly Cloudy
2010-10-16 07:51:00,11,3,57,NW,34,47,1005.08,0,Mostly Cloudy / Windy
2010-10-16 08:51:00,12,3,53,NW,39,51,1005.76,0,Mostly Cloudy / Windy
2010-10-16 09:51:00,13,3,51,NW,35,60,1006.44,0,Mostly Cloudy / Windy
2010-10-16 10:51:00,14,3,46,NW,39,51,1007.11,0,Mostly Cloudy / Windy
2010-10-16 11:51:00,14,2,45,NW,40,56,1007.45,0,Mostly Cloudy / Windy
2010-10-16 12:51:00,15,3,44,NW,34,47,1007.79,0,Mostly Cloudy / Windy
2010-10-16 13:51:00,14,2,44,NW,37,58,1007.79,0,Mostly Cloudy / Windy
2010-10-16 14:51:00,14,2,44,NW,42,61,1008.47,0,Mostly Cloudy / Windy
2010-10-16 15:51:00,15,2,41,NW,42,61,1008.81,0,Partly Cloudy / Windy
2010-10-16 16:51:00,16,1,38,NW,32,56,1009.48,0,Partly Cloudy
2010-10-16 17:51:00,15,1,38,NW,39,50,1009.82,0,Fair / Windy
2010-10-16 18:51:00,14,-1,36,NW,32,45,1010.84,0,Fair
2010-10-16 19:51:00,14,0,39,NW,35,45,1011.85,0,Fair / Windy
2010-10-16 20:51:00,13,0,40,NNW,27,42,1012.19,0,Fair
2010-10-16 21:51:00,12,0,43,NW,26,0,1012.87,0,Fair
2010-10-16 22:51:00,12,0,45,NNW,23,0,1013.21,0,Fair
2010-10-16 23:51:00,12,0,45,NW,14,0,1013.55,0,Fair
2010-10-17 00:51:00,11,0,47,NW,23,0,1013.55,0,Fair
2010-10-17 01:51:00,11,0,48,WNW,14,0,1014.22,0,Fair
2010-10-17 02:51:00,10,2,57,W,19,0,1013.89,0,Fair
2010-10-17 03:04:00,11,2,54,W,21,0,1014.22,0,Partly Cloudy
2010-10-17 03:51:00,9,2,59,W,16,0,1013.55,0,Fair
2010-10-17 04:51:00,9,2,61,W,16,0,1013.55,0,Fair
2010-10-17 05:51:00,10,2,57,W,19,0,1013.21,0,Fair
2010-10-17 06:51:00,9,2,59,W,16,0,1013.21,0,Fair
2010-10-17 07:51:00,10,2,59,W,14,0,1013.21,0,Partly Cloudy
2010-10-17 08:51:00,12,2,51,W,16,0,1013.21,0,Fair
2010-10-17 09:51:00,14,3,47,W,24,0,1012.53,0,Fair
2010-10-17 10:51:00,16,3,42,W,24,0,1011.85,0,Fair
2010-10-17 11:51:00,18,4,41,W,23,0,1011.18,0,Fair
2010-10-17 12:51:00,19,5,40,W,23,0,1010.16,0,Fair
2010-10-17 13:51:00,19,6,42,WSW,21,0,1008.81,0,Partly Cloudy
2010-10-17 14:51:00,21,6,39,WSW,23,0,1007.79,0,Partly Cloudy
2010-10-17 15:51:00,21,5,35,W,34,39,1007.79,0,Partly Cloudy / Windy
2010-10-17 16:51:00,21,6,38,W,26,0,1007.45,0,Partly Cloudy
2010-10-17 17:41:00,21,4,33,NW,23,35,1007.79,0,Partly Cloudy
2010-10-17 17:51:00,20,3,32,NW,24,0,1007.79,0,Partly Cloudy
2010-10-17 18:51:00,19,3,36,NW,19,0,1008.47,0,Partly Cloudy
2010-10-17 19:51:00,19,4,37,NW,23,0,1009.48,0,Fair
2010-10-17 20:51:00,17,3,40,NNW,27,47,1010.16,0,Fair
2010-10-17 21:51:00,16,1,36,NNW,24,39,1011.18,0,Fair
2010-10-17 22:51:00,14,0,37,NNW,11,0,1011.85,0,Fair
2010-10-17 23:51:00,14,-1,36,NNW,11,0,1012.19,0,Fair
2010-10-18 00:51:00,12,-1,41,VAR,5,0,1012.19,0,Fair
2010-10-18 01:51:00,10,3,63,W,10,0,1012.19,0,Fair
2010-10-18 02:51:00,11,4,66,WSW,11,0,1012.19,0,Fair
2010-10-18 03:51:00,12,2,51,NW,24,0,1012.19,0,Fair
2010-10-18 04:51:00,12,2,52,NW,23,0,1012.87,0,Fair
2010-10-18 05:51:00,11,2,54,NW,13,0,1013.55,0,Fair
2010-10-18 06:51:00,11,2,54,NW,16,0,1013.89,0,Partly Cloudy
2010-10-18 07:51:00,12,3,55,NW,16,0,1014.56,0,Mostly Cloudy
2010-10-18 08:51:00,13,3,51,NW,23,0,1015.24,0,Mostly Cloudy
2010-10-18 09:51:00,14,3,47,NW,21,0,1015.24,0,Mostly Cloudy
2010-10-18 10:51:00,14,2,44,WNW,16,0,1014.9,0,Mostly Cloudy
2010-10-18 11:51:00,16,1,38,WNW,21,32,1014.56,0,Mostly Cloudy
2010-10-18 12:51:00,16,1,35,WNW,23,34,1013.55,0,Mostly Cloudy
2010-10-18 13:51:00,16,1,36,W,23,34,1012.87,0,Mostly Cloudy
2010-10-18 14:51:00,16,-1,33,WNW,21,0,1012.19,0,Cloudy
2010-10-18 15:51:00,15,1,39,W,24,0,1012.19,0,Mostly Cloudy
2010-10-18 16:51:00,14,2,44,W,29,0,1012.19,0,Mostly Cloudy
2010-10-18 17:51:00,14,3,47,W,26,0,1011.85,0,Mostly Cloudy
2010-10-18 18:51:00,13,3,51,W,21,0,1012.53,0,Mostly Cloudy
2010-10-18 19:51:00,13,4,53,W,14,0,1012.87,0,Mostly Cloudy
2010-10-18 20:51:00,13,4,55,W,14,0,1012.87,0,Mostly Cloudy
2010-10-18 21:51:00,12,4,59,WNW,16,0,1013.55,0,Mostly Cloudy
2010-10-18 22:51:00,12,4,61,WNW,10,0,1013.55,0,Cloudy
2010-10-18 23:51:00,12,4,59,NW,11,0,1013.55,0,Cloudy
2010-10-19 00:51:00,12,4,61,NNW,8,0,1013.55,0,Cloudy
2010-10-19 01:51:00,12,4,59,CALM,0,0,1013.55,0,Cloudy
2010-10-19 02:51:00,12,5,64,CALM,0,0,1013.21,0,Cloudy
2010-10-19 03:51:00,11,5,68,N,5,0,1013.21,0,Cloudy
2010-10-19 04:51:00,10,6,77,NNE,13,0,1013.55,3,Cloudy
2010-10-19 05:51:00,9,7,83,ENE,8,0,1013.89,0,Cloudy
2010-10-19 06:51:00,9,7,83,E,10,0,1013.55,0,Cloudy
2010-10-19 07:51:00,9,6,80,CALM,0,0,1013.89,0,Cloudy
2010-10-19 08:51:00,9,6,80,CALM,0,0,1013.89,0,Cloudy
2010-10-19 09:51:00,11,6,74,CALM,0,0,1013.89,0,Cloudy
2010-10-19 10:51:00,11,6,71,E,8,0,1013.55,0,Mostly Cloudy
2010-10-19 11:51:00,13,7,67,CALM,0,0,1013.55,0,Mostly Cloudy
2010-10-19 12:51:00,13,7,67,WSW,13,0,1012.87,0,Mostly Cloudy
2010-10-19 13:51:00,14,7,64,SSW,13,0,1012.19,0,Partly Cloudy
2010-10-19 14:42:00,13,7,67,WSW,8,0,1012.19,0,Mostly Cloudy
2010-10-19 15:51:00,14,7,62,SSW,13,0,1011.85,0,Fair
2010-10-19 16:51:00,14,7,60,SSW,14,0,1011.85,0,Fair
2010-10-19 17:51:00,13,6,64,SW,13,0,1011.85,0,Partly Cloudy
2010-10-19 18:51:00,13,6,64,SW,13,0,1012.53,0,Fair
2010-10-19 19:51:00,12,7,72,SW,13,0,1012.87,0,Fair
2010-10-19 20:51:00,12,7,74,SW,11,0,1013.21,0,Fair
2010-10-19 21:51:00,12,8,77,SW,14,0,1013.55,0,Fair
2010-10-19 22:51:00,11,8,80,SW,11,0,1013.55,0,Partly Cloudy
2010-10-19 23:51:00,11,8,83,WSW,13,0,1013.55,0,Partly Cloudy
2010-10-20 00:51:00,11,8,83,WSW,13,0,1013.55,0,Mostly Cloudy
2010-10-20 01:51:00,10,7,83,WSW,11,0,1013.55,0,Mostly Cloudy
2010-10-20 02:51:00,9,7,86,SW,10,0,1013.55,0,Mostly Cloudy
2010-10-20 03:51:00,9,7,83,W,10,0,1013.21,0,Mostly Cloudy
2010-10-20 04:51:00,8,5,80,NW,8,0,1013.21,0,Mostly Cloudy
2010-10-20 05:51:00,9,4,71,CALM,0,0,1013.55,0,Mostly Cloudy
2010-10-20 06:51:00,9,3,66,CALM,0,0,1013.89,0,Mostly Cloudy
2010-10-20 07:51:00,8,4,74,CALM,0,0,1013.55,0,Mostly Cloudy
2010-10-20 08:51:00,12,7,74,CALM,0,0,1013.89,0,Mostly Cloudy
2010-10-20 09:51:00,13,6,62,CALM,0,0,1013.89,0,Mostly Cloudy
2010-10-20 10:51:00,15,6,53,VAR,8,0,1013.55,0,Cloudy
2010-10-20 11:51:00,15,4,49,S,13,0,1012.87,0,Mostly Cloudy
2010-10-20 12:51:00,14,6,58,SSW,13,0,1012.19,0,Mostly Cloudy
2010-10-20 13:51:00,14,5,53,S,13,0,1011.51,0,Cloudy
2010-10-20 14:51:00,14,6,57,S,13,0,1010.84,0,Cloudy
2010-10-20 15:51:00,14,4,51,S,10,0,1010.16,0,Cloudy
2010-10-20 16:51:00,14,5,55,S,13,0,1009.82,0,Cloudy
2010-10-20 17:51:00,14,5,55,S,11,0,1009.48,0,Mostly Cloudy
2010-10-20 18:51:00,13,6,62,SSW,14,0,1009.48,0,Mostly Cloudy
2010-10-20 19:51:00,13,7,67,SW,13,0,1009.14,0,Partly Cloudy
2010-10-20 20:51:00,12,7,72,SW,16,0,1009.14,0,Partly Cloudy
2010-10-20 21:51:00,12,8,77,WSW,23,0,1009.48,0,Fair
2010-10-20 22:51:00,11,7,77,WSW,16,0,1008.81,0,Fair
2010-10-20 23:51:00,11,7,77,WSW,14,0,1008.47,0,Fair
2010-10-21 00:51:00,11,7,80,WSW,14,0,1007.79,0,Fair
2010-10-21 01:51:00,10,7,80,W,16,0,1007.45,0,Fair
2010-10-21 02:51:00,10,7,80,WSW,14,0,1006.77,0,Fair
2010-10-21 03:51:00,11,8,83,WSW,21,0,1005.76,0,Fair
2010-10-21 04:51:00,11,8,86,WSW,24,0,1005.08,0,Partly Cloudy
2010-10-21 05:48:00,10,8,87,WSW,29,0,1004.4,0,Cloudy
2010-10-21 05:51:00,10,8,86,SW,32,0,1004.4,0,Cloudy
2010-10-21 06:51:00,10,8,89,SSW,21,0,1003.73,0,Mostly Cloudy
2010-10-21 07:51:00,11,9,89,SSW,21,0,1003.39,0,Cloudy
2010-10-21 08:51:00,11,8,83,SSW,24,0,1003.73,0,Cloudy
2010-10-21 09:06:00,11,8,82,SW,21,0,1003.73,0,Cloudy
2010-10-21 09:51:00,12,8,80,SW,19,0,1003.39,0,Mostly Cloudy
2010-10-21 10:51:00,12,9,80,SW,21,0,1002.71,0,Mostly Cloudy
2010-10-21 11:51:00,14,9,74,WSW,24,0,1002.37,0,Mostly Cloudy
2010-10-21 12:51:00,16,8,60,W,24,39,1001.69,0,Mostly Cloudy
2010-10-21 13:51:00,17,6,46,W,24,39,1001.02,0,Partly Cloudy
2010-10-21 14:51:00,18,-1,29,W,35,50,1001.36,0,Partly Cloudy / Windy
2010-10-21 15:51:00,18,0,30,WNW,26,39,1001.69,0,Partly Cloudy
2010-10-21 16:51:00,17,-2,28,W,29,48,1002.71,0,Partly Cloudy
2010-10-21 17:51:00,16,-2,30,NW,32,0,1003.73,0,Fair
2010-10-21 18:51:00,14,-2,34,NW,27,0,1005.42,0,Partly Cloudy
2010-10-21 19:51:00,13,-2,36,NW,19,0,1006.77,0,Fair
2010-10-21 20:51:00,13,-2,37,WNW,19,34,1007.11,0,Fair
2010-10-21 21:51:00,12,0,45,W,13,0,1007.79,0,Fair
2010-10-21 22:51:00,11,2,53,W,21,0,1008.13,0,Fair
2010-10-21 23:51:00,12,1,47,W,24,0,1008.47,0,Fair
2010-10-22 00:51:00,11,0,48,W,19,0,1008.81,0,Fair
2010-10-22 01:51:00,10,1,52,W,21,0,1009.82,0,Fair
2010-10-22 02:51:00,10,0,50,WNW,21,42,1010.5,0,Partly Cloudy
2010-10-22 03:51:00,9,1,54,WNW,26,34,1010.84,0,Mostly Cloudy
2010-10-22 04:51:00,9,0,52,WNW,23,0,1011.18,0,Mostly Cloudy
2010-10-22 05:51:00,9,0,52,WNW,26,34,1012.19,0,Mostly Cloudy
2010-10-22 06:51:00,9,-1,50,NW,26,0,1012.87,0,Mostly Cloudy
2010-10-22 07:51:00,9,-2,48,NW,21,0,1013.89,0,Mostly Cloudy
2010-10-22 08:51:00,9,-2,46,WNW,27,0,1014.9,0,Mostly Cloudy
2010-10-22 09:51:00,10,-2,44,NW,27,0,1015.24,0,Partly Cloudy
2010-10-22 10:51:00,11,-2,41,WNW,24,35,1015.24,0,Partly Cloudy
2010-10-22 11:51:00,11,-2,40,WNW,26,48,1015.58,0,Mostly Cloudy
2010-10-22 12:51:00,12,-4,34,WNW,32,42,1015.58,0,Mostly Cloudy
2010-10-22 13:51:00,13,-5,29,NW,34,53,1015.24,0,Mostly Cloudy / Windy
2010-10-22 14:51:00,13,-5,29,WNW,39,48,1015.24,0,Partly Cloudy / Windy
2010-10-22 15:51:00,12,-6,29,NW,37,47,1015.58,0,Fair / Windy
2010-10-22 16:51:00,11,-7,27,NW,40,51,1016.26,0,Fair / Windy
2010-10-22 17:51:00,11,-6,31,NW,27,0,1016.59,0,Partly Cloudy
2010-10-22 18:51:00,10,-6,33,NW,21,0,1017.61,0,Partly Cloudy
2010-10-22 19:51:00,10,-6,33,NW,21,0,1018.63,0,Fair
2010-10-22 20:51:00,9,-5,36,NW,13,0,1018.96,0,Fair
2010-10-22 21:51:00,9,-6,35,WNW,11,0,1019.3,0,Fair
2010-10-22 22:51:00,9,-4,39,W,19,0,1019.64,0,Fair
2010-10-22 23:51:00,8,-2,48,W,16,0,1019.98,0,Fair
2010-10-23 00:51:00,8,-1,52,W,21,0,1020.32,0,Fair
2010-10-23 01:51:00,8,-1,54,W,19,0,1020.32,0,Fair
2010-10-23 02:51:00,8,0,58,W,19,0,1020.32,0,Fair
2010-10-23 03:51:00,8,0,58,W,24,0,1020.32,0,Fair
2010-10-23 04:51:00,8,0,56,W,21,0,1020.32,0,Fair
2010-10-23 05:51:00,8,1,61,W,19,0,1020.66,0,Fair
2010-10-23 06:51:00,7,1,63,WSW,19,0,1021.0,0,Fair
2010-10-23 07:51:00,8,1,63,W,14,0,1021.34,0,Fair
2010-10-23 08:51:00,10,1,52,W,23,0,1022.01,0,Fair
2010-10-23 09:51:00,12,1,47,W,21,0,1021.67,0,Mostly Cloudy
2010-10-23 10:51:00,13,1,44,W,21,0,1021.34,0,Mostly Cloudy
2010-10-23 11:51:00,14,1,41,W,16,0,1021.0,0,Partly Cloudy
2010-10-23 12:51:00,15,2,41,SW,11,0,1019.98,0,Partly Cloudy
2010-10-23 13:51:00,17,2,38,SW,19,0,1019.3,0,Mostly Cloudy
2010-10-23 14:51:00,17,3,39,SW,16,0,1018.96,0,Mostly Cloudy
2010-10-23 15:51:00,18,3,37,SW,19,0,1018.29,0,Mostly Cloudy
2010-10-23 16:51:00,17,3,38,WSW,23,0,1018.63,0,Mostly Cloudy
2010-10-23 17:51:00,17,4,43,W,16,0,1018.96,0,Mostly Cloudy
2010-10-23 18:51:00,17,3,38,W,19,0,1019.64,0,Mostly Cloudy
2010-10-23 19:51:00,17,3,40,W,16,0,1019.98,0,Cloudy
2010-10-23 20:51:00,16,6,50,SW,11,0,1019.98,0,Mostly Cloudy
2010-10-23 21:51:00,15,6,55,SW,11,0,1020.32,0,Cloudy
2010-10-23 22:51:00,14,6,58,SW,8,0,1020.66,0,Mostly Cloudy
2010-10-23 23:51:00,14,7,62,CALM,0,0,1020.32,0,Cloudy
2010-10-24 00:51:00,13,8,72,WSW,5,0,1020.32,0,Cloudy
2010-10-24 01:51:00,13,9,75,W,10,0,1020.66,0,Cloudy
2010-10-24 02:51:00,13,9,77,CALM,0,0,1020.66,0,Cloudy
2010-10-24 03:51:00,13,8,72,N,5,0,1020.66,0,Mostly Cloudy
2010-10-24 04:51:00,12,9,80,ENE,11,0,1020.32,0,Mostly Cloudy
2010-10-24 05:51:00,12,8,80,ESE,5,0,1020.66,0,Mostly Cloudy
2010-10-24 06:51:00,11,8,80,CALM,0,0,1021.0,0,Mostly Cloudy
2010-10-24 07:51:00,11,8,83,ENE,8,0,1020.66,0,Mostly Cloudy
2010-10-24 08:51:00,13,10,80,ENE,10,0,1021.0,0,Mostly Cloudy
2010-10-24 09:51:00,16,11,70,E,5,0,1020.66,0,Mostly Cloudy
2010-10-24 10:51:00,17,9,60,SE,10,0,1020.66,0,Mostly Cloudy
2010-10-24 11:51:00,17,8,54,SSE,10,0,1019.64,0,Mostly Cloudy
2010-10-24 12:51:00,19,8,50,VAR,8,0,1018.96,0,Mostly Cloudy
2010-10-24 13:51:00,18,9,56,SE,11,0,1017.95,0,Mostly Cloudy
2010-10-24 14:51:00,18,11,63,VAR,8,0,1017.27,0,Cloudy
2010-10-24 15:51:00,18,11,63,ESE,8,0,1017.27,0,Cloudy
2010-10-24 16:51:00,17,12,70,ESE,10,0,1017.27,0,Cloudy
2010-10-24 17:51:00,17,12,75,ESE,10,0,1017.27,0,Cloudy
2010-10-24 18:51:00,16,12,78,ENE,8,0,1016.26,0,Cloudy
2010-10-24 19:51:00,16,13,83,SE,13,0,1016.26,0,Cloudy
2010-10-24 20:51:00,15,12,83,N,5,0,1016.93,0,Mostly Cloudy
2010-10-24 21:51:00,15,12,83,E,8,0,1016.59,0,Mostly Cloudy
2010-10-24 22:51:00,14,11,83,CALM,0,0,1016.59,0,Mostly Cloudy
2010-10-24 23:51:00,13,12,90,SW,10,0,1016.59,0,Partly Cloudy
2010-10-25 00:51:00,13,11,87,CALM,0,0,1016.26,0,Mostly Cloudy
2010-10-25 01:51:00,13,11,86,SSW,8,0,1015.92,0,Mostly Cloudy
2010-10-25 02:51:00,12,10,86,SSW,8,0,1015.58,0,Mostly Cloudy
2010-10-25 03:51:00,12,9,86,SSW,11,0,1015.24,0,Mostly Cloudy
2010-10-25 04:51:00,12,9,83,S,10,0,1015.24,0,Mostly Cloudy
2010-10-25 05:51:00,13,10,83,S,11,0,1015.24,0,Mostly Cloudy
2010-10-25 06:51:00,13,9,80,SSW,8,0,1014.9,0,Mostly Cloudy
2010-10-25 07:51:00,13,10,83,S,10,0,1015.24,0,Mostly Cloudy
2010-10-25 08:51:00,16,13,83,SSW,8,0,1015.58,0,Mostly Cloudy
2010-10-25 09:51:00,17,13,80,SSW,13,0,1015.24,0,Mostly Cloudy
2010-10-25 10:40:00,17,13,77,SSW,11,0,1015.24,0,Mostly Cloudy
2010-10-25 10:51:00,18,14,78,SSW,11,0,1014.9,0,Mostly Cloudy
2010-10-25 11:22:00,18,14,77,S,13,0,1014.9,0,Mostly Cloudy
2010-10-25 11:51:00,19,14,75,S,14,0,1014.22,0,Mostly Cloudy
2010-10-25 12:51:00,20,15,73,S,16,0,1013.89,0,Mostly Cloudy
2010-10-25 13:51:00,20,16,76,S,19,0,1012.87,0,Mostly Cloudy
2010-10-25 14:51:00,19,15,78,S,32,42,1011.85,0,Mostly Cloudy
2010-10-25 15:51:00,19,14,73,S,35,0,1011.18,0,Mostly Cloudy / Windy
2010-10-25 16:51:00,19,15,78,S,32,0,1010.84,0,Mostly Cloudy
2010-10-25 17:51:00,18,15,84,S,29,0,1010.5,0,Mostly Cloudy
2010-10-25 18:51:00,18,16,84,S,27,0,1010.5,0,Mostly Cloudy
2010-10-25 19:51:00,18,16,87,S,26,0,1010.5,0,Mostly Cloudy
2010-10-25 20:51:00,18,16,87,S,34,42,1009.82,0,Mostly Cloudy / Windy
2010-10-25 21:51:00,18,16,84,S,32,45,1009.48,0,Mostly Cloudy
2010-10-25 22:51:00,18,15,84,S,35,47,1009.14,0,Cloudy / Windy
2010-10-25 23:51:00,17,15,87,SSW,29,0,1009.14,0,Cloudy
2010-10-26 00:51:00,17,15,87,SSW,26,0,1009.14,0,Cloudy
2010-10-26 01:51:00,17,15,87,SSW,21,0,1009.82,0,Mostly Cloudy
2010-10-26 02:51:00,17,14,84,WSW,13,0,1010.5,0,Cloudy
2010-10-26 03:51:00,17,14,84,SSW,14,0,1010.84,0,Mostly Cloudy
2010-10-26 04:51:00,17,14,84,SW,13,0,1011.18,0,Partly Cloudy
2010-10-26 05:51:00,16,13,86,SSW,10,0,1011.51,0,Partly Cloudy
2010-10-26 06:51:00,16,13,86,SSW,14,0,1011.85,0,Partly Cloudy
2010-10-26 07:51:00,16,14,90,SSW,11,0,1011.85,0,Partly Cloudy
2010-10-26 08:51:00,17,15,87,S,11,0,1012.53,0,Partly Cloudy
2010-10-26 09:51:00,18,14,78,SW,10,0,1012.53,0,Partly Cloudy
2010-10-26 10:51:00,18,14,78,S,8,0,1012.87,0,Mostly Cloudy
2010-10-26 11:51:00,20,15,73,S,14,0,1012.87,0,Partly Cloudy
2010-10-26 12:51:00,20,16,76,S,23,0,1012.87,0,Mostly Cloudy
2010-10-26 13:22:00,19,16,83,S,21,0,1012.87,0,Mostly Cloudy
2010-10-26 13:36:00,20,16,78,S,21,0,1012.53,0,Mostly Cloudy
2010-10-26 13:51:00,20,16,76,S,29,35,1012.19,0,Mostly Cloudy
2010-10-26 14:15:00,20,16,78,S,27,35,1011.85,0,Mostly Cloudy
2010-10-26 14:46:00,19,16,83,S,29,0,1011.85,0,Mostly Cloudy
2010-10-26 14:51:00,19,16,81,S,32,40,1011.51,0,Mostly Cloudy
2010-10-26 15:51:00,19,16,84,S,32,0,1011.51,0,Cloudy
2010-10-26 16:40:00,18,16,88,S,23,0,1011.85,0,Cloudy
2010-10-26 16:51:00,18,16,87,S,23,0,1011.51,0,Cloudy
2010-10-26 17:26:00,18,16,88,S,24,0,1011.51,0,Cloudy
2010-10-26 17:43:00,18,16,88,S,26,0,1011.51,0,Cloudy
2010-10-26 17:51:00,18,16,90,S,26,37,1011.18,0,Cloudy
2010-10-26 18:28:00,18,16,88,S,23,0,1011.51,0,Cloudy
2010-10-26 18:51:00,18,16,87,S,23,0,1011.51,0,Cloudy
2010-10-26 19:32:00,18,16,88,S,23,0,1011.85,0,Cloudy
2010-10-26 19:51:00,18,16,87,S,26,0,1011.85,0,Cloudy
2010-10-26 19:59:00,18,16,88,S,24,0,1011.85,0,Cloudy
2010-10-26 20:22:00,18,16,88,SSE,26,0,1011.51,0,Cloudy
2010-10-26 20:51:00,18,17,93,S,24,39,1011.18,0,Cloudy
2010-10-26 21:51:00,18,17,93,S,34,42,1011.51,0,Cloudy / Windy
2010-10-26 22:28:00,18,17,94,S,32,45,1011.85,0,Cloudy
2010-10-26 22:51:00,18,17,93,S,27,42,1011.85,0,Cloudy
2010-10-26 23:51:00,18,17,90,S,21,0,1011.85,0,Cloudy
2010-10-27 00:51:00,18,17,90,S,24,0,1011.51,0,Cloudy
2010-10-27 01:51:00,18,17,93,S,32,0,1010.84,0,Cloudy
2010-10-27 02:51:00,18,17,90,S,29,0,1011.18,0,Cloudy
2010-10-27 03:51:00,18,17,93,SSW,34,0,1010.5,0,Cloudy / Windy
2010-10-27 04:51:00,18,17,90,S,32,45,1010.84,0,Cloudy
2010-10-27 05:51:00,18,17,93,S,29,0,1011.18,0,Cloudy
2010-10-27 06:51:00,19,18,93,S,32,0,1011.51,0,Cloudy
2010-10-27 07:08:00,18,17,94,S,27,0,1012.19,0,Cloudy
2010-10-27 07:20:00,18,17,94,S,27,0,1011.85,0,Cloudy
2010-10-27 07:51:00,18,17,94,S,24,0,1011.51,0,Cloudy
2010-10-27 07:55:00,18,17,94,S,23,0,1011.85,0,Cloudy
2010-10-27 08:02:00,18,17,94,S,23,0,1012.19,0,Cloudy
2010-10-27 08:51:00,18,17,93,S,34,40,1012.53,0,Cloudy / Windy
2010-10-27 09:31:00,19,18,94,S,26,0,1012.19,0,Cloudy
2010-10-27 09:44:00,19,18,94,S,29,0,1012.53,0,Cloudy
2010-10-27 09:51:00,19,18,90,S,27,0,1012.19,0,Cloudy
2010-10-27 10:23:00,19,18,94,S,29,0,1012.19,0,Cloudy
2010-10-27 10:51:00,19,17,90,S,34,47,1012.19,0,Cloudy / Windy
2010-10-27 11:51:00,19,17,90,S,32,0,1012.53,0,Cloudy
2010-10-27 12:17:00,19,18,94,S,26,0,1012.19,0,Cloudy
2010-10-27 12:51:00,19,18,93,S,26,0,1011.18,0,Mostly Cloudy
2010-10-27 13:51:00,19,18,93,S,27,0,1010.84,0,Cloudy
2010-10-27 14:20:00,19,17,88,S,29,0,1011.18,0,Cloudy
2010-10-27 14:51:00,19,17,90,S,24,34,1010.84,0,Cloudy
2010-10-27 15:10:00,19,17,88,SSW,19,0,1010.84,0,Cloudy
2010-10-27 15:45:00,19,17,88,SSW,19,0,1010.84,0,Cloudy
2010-10-27 15:51:00,19,17,90,S,19,0,1010.84,0,Cloudy
2010-10-27 16:28:00,19,17,88,S,21,0,1010.5,0,Cloudy
2010-10-27 16:51:00,19,17,90,S,19,0,1010.16,0,Mostly Cloudy
2010-10-27 17:51:00,19,18,93,S,21,0,1010.5,0,Cloudy
2010-10-27 18:04:00,19,17,88,W,11,0,1010.84,0,Mostly Cloudy
2010-10-27 18:51:00,18,17,93,SSW,16,0,1011.18,0,Mostly Cloudy
2010-10-27 19:51:00,19,17,90,SSW,16,0,1011.85,0,Cloudy
2010-10-27 20:23:00,19,17,88,SW,14,0,1012.19,0,Mostly Cloudy
2010-10-27 20:51:00,18,17,90,SW,13,0,1011.85,0,Mostly Cloudy
2010-10-27 21:14:00,19,17,88,WSW,14,0,1012.19,0,Mostly Cloudy
2010-10-27 21:51:00,18,17,90,SSW,11,0,1011.85,0,Mostly Cloudy
2010-10-27 22:51:00,17,16,90,SSW,11,0,1011.85,0,Mostly Cloudy
2010-10-27 23:51:00,18,17,93,SSW,13,0,1011.18,0,Mostly Cloudy
2010-10-28 00:51:00,18,17,93,SSW,11,0,1011.18,0,Mostly Cloudy
2010-10-28 01:20:00,18,17,94,S,5,0,1010.84,0,Mostly Cloudy
2010-10-28 01:40:00,18,17,94,S,10,0,1011.18,0,Cloudy
2010-10-28 01:51:00,18,17,93,SSW,11,0,1010.84,0,Cloudy
2010-10-28 02:51:00,17,16,93,CALM,0,0,1010.5,0,Cloudy
2010-10-28 03:51:00,18,17,93,WSW,5,0,1010.16,0,Cloudy
2010-10-28 04:22:00,17,17,100,SW,5,0,1010.16,0,Cloudy
2010-10-28 04:51:00,17,16,96,CALM,0,0,1010.16,0,Mostly Cloudy
2010-10-28 05:07:00,17,16,94,SSW,8,0,1010.16,0,Mostly Cloudy
2010-10-28 05:51:00,17,16,93,WSW,13,0,1010.5,0,Fair
2010-10-28 06:51:00,17,16,93,WSW,11,0,1010.84,0,Partly Cloudy
2010-10-28 07:51:00,17,16,93,WSW,10,0,1010.84,0,Partly Cloudy
2010-10-28 07:56:00,17,16,94,WSW,8,0,1011.18,0,Partly Cloudy
2010-10-28 08:11:00,17,16,94,SSW,5,0,1011.18,0,Partly Cloudy
2010-10-28 08:51:00,17,17,97,SSW,8,0,1011.51,0,Partly Cloudy
2010-10-28 08:56:00,18,17,94,WSW,5,0,1011.85,0,Partly Cloudy
2010-10-28 09:17:00,18,17,94,WSW,11,0,1011.85,0,Partly Cloudy
2010-10-28 09:31:00,18,17,94,SSW,11,0,1011.51,0,Mostly Cloudy
2010-10-28 09:51:00,18,17,93,WSW,13,0,1011.18,0,Mostly Cloudy
2010-10-28 10:51:00,19,17,87,SW,13,0,1010.84,0,Mostly Cloudy
2010-10-28 11:51:00,22,16,68,WSW,19,0,1010.16,0,Mostly Cloudy
2010-10-28 12:51:00,22,12,51,WSW,23,0,1009.48,0,Mostly Cloudy
2010-10-28 13:51:00,24,9,40,WSW,27,0,1008.81,0,Mostly Cloudy
2010-10-28 14:51:00,24,7,32,W,32,0,1008.47,0,Partly Cloudy
2010-10-28 15:51:00,24,6,31,W,34,48,1008.47,0,Partly Cloudy / Windy
2010-10-28 16:51:00,23,4,30,W,32,0,1008.47,0,Partly Cloudy
2010-10-28 17:51:00,21,1,26,W,26,0,1008.81,0,Partly Cloudy
2010-10-28 18:51:00,21,-1,23,WNW,21,0,1010.16,0,Partly Cloudy
2010-10-28 19:51:00,20,-1,25,WNW,16,0,1010.5,0,Fair
2010-10-28 20:51:00,19,-1,27,WNW,16,0,1010.5,0,Fair
2010-10-28 21:51:00,18,0,29,NW,19,0,1010.5,0,Fair
2010-10-28 22:51:00,17,1,34,NNW,34,40,1011.18,0,Fair / Windy
2010-10-28 23:51:00,14,4,51,NNE,16,0,1011.85,0,Fair
2010-10-29 00:51:00,13,4,55,N,10,0,1011.85,0,Fair
2010-10-29 01:51:00,12,4,59,NNW,13,0,1012.19,0,Fair
2010-10-29 02:51:00,12,1,47,NNW,16,0,1012.87,0,Fair
2010-10-29 03:51:00,11,2,53,NNW,14,0,1012.53,0,Fair
2010-10-29 04:51:00,12,2,50,NNW,23,0,1012.87,0,Fair
2010-10-29 05:51:00,11,2,54,NNW,23,0,1013.21,0,Fair
2010-10-29 06:51:00,11,2,56,NNW,14,0,1013.55,0,Partly Cloudy
2010-10-29 07:51:00,12,2,52,NW,24,0,1014.22,0,Mostly Cloudy
2010-10-29 08:51:00,12,2,52,NW,21,0,1014.56,0,Mostly Cloudy
2010-10-29 09:51:00,12,2,51,WNW,24,0,1014.56,0,Cloudy
2010-10-29 10:51:00,12,2,51,NW,23,35,1014.56,0,Cloudy
2010-10-29 11:51:00,14,3,47,NW,29,40,1013.89,0,Mostly Cloudy
2010-10-29 12:51:00,15,2,41,NW,37,45,1013.89,0,Mostly Cloudy / Windy
2010-10-29 13:51:00,13,0,40,NW,35,50,1013.21,0,Mostly Cloudy / Windy
2010-10-29 14:51:00,13,0,42,NNW,37,48,1013.55,0,Mostly Cloudy / Windy
2010-10-29 15:51:00,12,-1,41,NW,29,0,1013.55,0,Mostly Cloudy
2010-10-29 16:51:00,13,-2,36,NW,37,42,1013.89,0,Mostly Cloudy / Windy
2010-10-29 17:51:00,12,-3,35,NW,34,50,1014.22,0,Mostly Cloudy / Windy
2010-10-29 18:51:00,11,-3,38,NNW,35,0,1015.58,0,Partly Cloudy / Windy
2010-10-29 19:51:00,11,-2,43,NNW,39,48,1016.26,0,Partly Cloudy / Windy
2010-10-29 20:51:00,10,-5,35,NW,32,50,1016.59,0,Fair
2010-10-29 21:51:00,9,-4,38,NW,24,0,1017.27,0,Fair
2010-10-29 22:51:00,9,-4,39,NW,29,47,1017.27,0,Fair
2010-10-29 23:51:00,9,-4,41,NW,26,35,1017.61,0,Fair
2010-10-30 00:51:00,9,-4,41,NW,27,39,1017.95,0,Fair
2010-10-30 01:51:00,8,-3,44,NW,24,34,1018.29,0,Fair
2010-10-30 02:51:00,8,-3,47,WNW,16,0,1018.96,0,Fair
2010-10-30 03:51:00,8,-2,50,W,16,0,1018.96,0,Fair
2010-10-30 04:51:00,7,-1,56,W,21,0,1019.3,0,Partly Cloudy
2010-10-30 05:51:00,7,-1,60,W,21,0,1019.3,0,Partly Cloudy
2010-10-30 06:51:00,7,-1,60,W,19,0,1019.3,0,Mostly Cloudy
2010-10-30 07:51:00,7,0,63,W,24,0,1019.64,0,Mostly Cloudy
2010-10-30 08:51:00,8,-1,56,W,29,0,1019.98,0,Partly Cloudy
2010-10-30 09:51:00,9,-1,50,W,23,0,1019.3,0,Mostly Cloudy
2010-10-30 10:51:00,11,0,48,W,23,0,1018.29,0,Mostly Cloudy
2010-10-30 11:51:00,12,1,47,WSW,29,0,1017.61,0,Mostly Cloudy
2010-10-30 12:51:00,12,1,45,SW,35,0,1016.26,0,Mostly Cloudy / Windy
2010-10-30 13:51:00,13,1,42,SW,26,0,1014.9,0,Mostly Cloudy
2010-10-30 14:51:00,14,-1,37,SW,34,0,1013.21,0,Cloudy / Windy
2010-10-30 15:51:00,14,-2,34,SW,29,40,1012.87,0,Cloudy
2010-10-30 16:51:00,13,-1,37,WSW,34,39,1012.19,0,Cloudy / Windy
2010-10-30 17:51:00,13,-1,38,SW,26,0,1011.85,0,Cloudy
2010-10-30 18:51:00,12,1,45,SW,27,35,1011.51,0,Cloudy
2010-10-30 19:51:00,12,1,48,SW,29,0,1011.18,0,Mostly Cloudy
2010-10-30 20:51:00,12,2,50,SW,27,0,1010.5,0,Mostly Cloudy
2010-10-30 22:51:00,11,2,53,SW,32,47,1009.82,0,Mostly Cloudy
2010-10-30 23:51:00,11,2,56,SW,29,42,1009.14,0,Mostly Cloudy
2010-10-31 00:51:00,11,3,61,SW,26,0,1008.47,0,Partly Cloudy
2010-10-31 01:51:00,11,3,59,WSW,32,0,1007.79,0,Partly Cloudy
2010-10-31 01:51:00,11,4,63,WSW,29,0,1007.11,0,Fair
2010-10-31 02:51:00,11,4,66,WSW,23,0,1006.77,0,Fair
2010-10-31 03:51:00,10,4,68,W,23,0,1006.44,0,Fair
2010-10-31 04:51:00,9,4,69,W,19,32,1006.44,0,Fair
2010-10-31 05:51:00,9,4,69,W,24,0,1006.77,0,Fair
2010-10-31 06:51:00,9,3,66,W,21,0,1006.77,0,Fair
2010-10-31 07:51:00,9,3,66,W,19,0,1007.11,0,Mostly Cloudy
2010-10-31 08:51:00,11,3,59,W,13,0,1008.13,0,Mostly Cloudy
2010-10-31 09:51:00,13,2,47,W,11,0,1008.47,0,Mostly Cloudy
2010-10-31 10:25:00,15,-1,34,NW,24,0,1008.81,0,Mostly Cloudy
2010-10-31 10:51:00,15,1,38,NW,26,40,1008.81,0,Mostly Cloudy
2010-10-31 11:51:00,14,1,42,NW,32,40,1009.14,0,Mostly Cloudy
2010-10-31 12:51:00,16,1,38,WNW,35,47,1008.81,0,Mostly Cloudy / Windy
2010-10-31 13:51:00,14,-1,35,NW,32,48,1009.48,0,Mostly Cloudy
2010-10-31 14:51:00,14,-2,34,NNW,34,45,1010.16,0,Mostly Cloudy / Windy
2010-10-31 15:51:00,12,-4,31,NNW,42,53,1011.51,0,Mostly Cloudy / Windy
2010-10-31 16:51:00,12,-4,31,NW,32,0,1013.21,0,Mostly Cloudy
2010-10-31 16:59:00,12,-4,33,NW,42,48,1013.89,0,Mostly Cloudy / Windy
2010-10-31 17:51:00,11,-4,35,NNW,32,50,1014.56,0,Mostly Cloudy
2010-10-31 18:51:00,9,-4,39,NW,34,47,1015.92,0,Mostly Cloudy / Windy
2010-10-31 19:51:00,9,-4,39,NW,26,48,1017.27,0,Partly Cloudy
2010-10-31 20:51:00,8,-4,42,NNW,35,45,1018.29,0,Partly Cloudy / Windy
2010-10-31 21:51:00,8,-4,44,NW,32,45,1018.96,0,Partly Cloudy
2010-10-31 22:51:00,7,-3,49,NW,21,37,1019.64,0,Fair
